age,income,caste,occupation,family_size,PM Garib Kalyan Anna Yojana,PM Ujjwala Yojana,Madilu Kit,Thayi Bhagya,Deendayal Antyodaya Yojana (NULM),National Food Security Act (NFSA),National Social Assistance Programme,PM Awas Yojana - Gramin (PMAY-G),PM-eBus Sewa,PM Suraksha Bima Yojana (PMSBY),PM Jeevan Jyoti Bima Yojana (PMJJBY),National Apprenticeship Promotion Scheme (NAPS),Self Employment Lending (National Corporations),Atal Pension Yojana (APY),KSTDC Tourist Taxi Scheme,One District One Product (ODOP),Agri-Infrastructure Fund,Elevate (Startup Grants for Women/Tier-2),PM MUDRA Yojana (PMMY),PM Formalization of Micro Food Processing Enterprises (PMFME)
41,179335,general,artisan,5,1,1,1,1,1,1,1,1,1,1,1,0,0,0,0,1,0,0,0,0
67,185696,sc,farmer,8,1,1,1,1,1,1,1,1,1,1,0,0,1,0,0,0,1,0,0,1
15,129174,obc,student,4,1,1,1,1,1,1,1,1,1,0,0,1,1,0,0,0,0,0,0,0
15,128406,general,student,7,1,1,1,1,1,1,1,1,1,0,0,1,0,0,0,0,0,0,0,0
32,523821,general,artisan,7,1,1,1,1,1,1,1,1,1,1,1,0,0,1,0,1,0,0,0,0
30,196235,st,unemployed,7,1,1,1,1,1,1,1,1,1,1,1,1,1,1,1,0,0,1,1,0
34,385610,general,farmer,4,1,1,1,1,1,1,1,1,1,1,1,0,0,1,0,0,1,0,0,1
28,431161,obc,farmer,1,1,1,1,1,1,1,1,1,1,1,1,0,0,1,0,0,1,0,0,1
22,64221,general,student,6,1,1,1,1,1,1,1,1,1,1,1,1,0,1,0,0,0,0,0,0
38,52483,obc,unemployed,2,1,1,1,1,1,1,1,1,1,1,1,1,1,1,1,0,0,1,1,0
37,370062,st,artisan,8,1,1,1,1,1,1,1,1,1,1,1,0,0,1,0,1,0,0,0,0
31,243659,st,student,1,1,1,1,1,1,1,1,1,1,1,1,1,1,1,0,0,0,0,0,0
58,258095,sc,unemployed,7,1,1,1,1,1,1,1,1,1,1,0,1,1,0,1,0,0,1,1,0
19,54192,obc,farmer,7,1,1,1,1,1,1,1,1,1,1,1,0,1,1,0,0,1,0,0,1
42,371461,st,artisan,1,1,1,1,1,1,1,1,1,1,1,1,0,0,0,0,1,0,0,0,0
44,228117,sc,daily_wage,4,1,1,1,1,1,1,1,1,1,1,1,0,1,0,0,0,0,0,0,0
22,134572,obc,student,8,1,1,1,1,1,1,1,1,1,1,1,1,1,1,0,0,0,0,0,0
31,386226,general,daily_wage,3,1,1,1,1,1,1,1,1,1,1,1,0,0,1,0,0,0,0,0,0
29,188484,st,farmer,1,1,1,1,1,1,1,1,1,1,1,1,0,1,1,0,0,1,0,0,1
51,119066,sc,farmer,3,1,1,1,1,1,1,1,1,1,1,0,0,1,0,0,0,1,0,0,1
38,213790,sc,daily_wage,8,1,1,1,1,1,1,1,1,1,1,1,0,1,1,0,0,0,0,0,0
32,273128,st,farmer,7,1,1,1,1,1,1,1,1,1,1,1,0,1,1,0,0,1,0,0,1
22,338755,general,unemployed,3,1,1,1,1,1,1,1,1,1,1,1,1,0,1,1,0,0,1,1,0
44,261286,general,self_employed,6,1,1,1,1,1,1,1,1,1,1,1,0,0,0,1,1,1,1,1,1
47,255375,sc,unemployed,4,1,1,1,1,1,1,1,1,1,1,1,1,1,0,1,0,0,1,1,0
48,169241,sc,artisan,7,1,1,1,1,1,1,1,1,1,1,1,0,1,0,0,1,0,0,0,0
29,323454,obc,unemployed,1,1,1,1,1,1,1,1,1,1,1,1,1,0,1,1,0,0,1,1,0
13,80022,general,artisan,3,1,1,1,1,1,1,1,1,1,0,0,0,0,0,0,1,0,0,0,0
36,151466,obc,farmer,6,1,1,1,1,1,1,1,1,1,1,1,0,1,1,0,0,1,0,0,1
21,250406,general,daily_wage,6,1,1,1,1,1,1,1,1,1,1,1,0,0,1,0,0,0,0,0,0
17,36631,general,student,1,1,1,1,1,1,1,1,1,1,0,0,1,0,0,0,0,0,0,0,0
33,258331,sc,self_employed,8,1,1,1,1,1,1,1,1,1,1,1,0,1,1,1,1,1,1,1,1
31,250447,sc,self_employed,4,1,1,1,1,1,1,1,1,1,1,1,0,1,1,1,1,1,1,1,1
8,103591,sc,student,1,1,1,1,1,1,1,1,1,1,0,0,0,1,0,0,0,0,0,0,0
36,99723,obc,daily_wage,6,1,1,1,1,1,1,1,1,1,1,1,0,1,1,0,0,0,0,0,0
54,454266,sc,artisan,1,1,1,1,1,1,1,1,1,1,1,0,0,0,0,0,1,0,0,0,0
28,82447,general,artisan,4,1,1,1,1,1,1,1,1,1,1,1,0,0,1,0,1,0,0,0,0
25,73664,obc,unemployed,7,1,1,1,1,1,1,1,1,1,1,1,1,1,1,1,0,0,1,1,0
23,318350,obc,unemployed,1,1,1,1,1,1,1,1,1,1,1,1,1,0,1,1,0,0,1,1,0
20,441317,st,student,7,1,1,1,1,1,1,1,1,1,1,1,1,0,1,0,0,0,0,0,0
47,149667,sc,self_employed,2,1,1,1,1,1,1,1,1,1,1,1,0,1,0,1,1,1,1,1,1
42,202026,obc,artisan,1,1,1,1,1,1,1,1,1,1,1,1,0,1,0,0,1,0,0,0,0
39,243022,sc,artisan,3,1,1,1,1,1,1,1,1,1,1,1,0,1,1,0,1,0,0,0,0
51,282338,obc,farmer,6,1,1,1,1,1,1,1,1,1,1,0,0,1,0,0,0,1,0,0,1
56,237144,sc,farmer,6,1,1,1,1,1,1,1,1,1,1,0,0,1,0,0,0,1,0,0,1
46,82890,sc,self_employed,3,1,1,1,1,1,1,1,1,1,1,1,0,1,0,1,1,1,1,1,1
27,319929,obc,farmer,1,1,1,1,1,1,1,1,1,1,1,1,0,0,1,0,0,1,0,0,1
14,196107,sc,unemployed,8,1,1,1,1,1,1,1,1,1,0,0,1,1,0,0,0,0,1,1,0
22,93449,st,student,7,1,1,1,1,1,1,1,1,1,1,1,1,1,1,0,0,0,0,0,0
36,295783,st,self_employed,3,1,1,1,1,1,1,1,1,1,1,1,0,1,1,1,1,1,1,1,1
19,357464,sc,student,6,1,1,1,1,1,1,1,1,1,1,1,1,0,1,0,0,0,0,0,0
23,147586,obc,student,4,1,1,1,1,1,1,1,1,1,1,1,1,1,1,0,0,0,0,0,0
41,206574,sc,artisan,4,1,1,1,1,1,1,1,1,1,1,1,0,1,0,0,1,0,0,0,0
31,31417,st,artisan,4,1,1,1,1,1,1,1,1,1,1,1,0,1,1,0,1,0,0,0,0
30,282636,st,unemployed,1,1,1,1,1,1,1,1,1,1,1,1,1,1,1,1,0,0,1,1,0
32,168167,obc,daily_wage,1,1,1,1,1,1,1,1,1,1,1,1,0,1,1,0,0,0,0,0,0
13,130592,st,student,7,1,1,1,1,1,1,1,1,1,0,0,0,1,0,0,0,0,0,0,0
58,94610,general,farmer,8,1,1,1,1,1,1,1,1,1,1,0,0,0,0,0,0,1,0,0,1
54,411703,obc,farmer,5,1,1,1,1,1,1,1,1,1,1,0,0,0,0,0,0,1,0,0,1
23,35723,obc,artisan,8,1,1,1,1,1,1,1,1,1,1,1,0,1,1,0,1,0,0,0,0
34,367767,st,artisan,5,1,1,1,1,1,1,1,1,1,1,1,0,0,1,0,1,0,0,0,0
25,180856,general,unemployed,7,1,1,1,1,1,1,1,1,1,1,1,1,0,1,1,0,0,1,1,0
22,165509,st,self_employed,6,1,1,1,1,1,1,1,1,1,1,1,0,1,1,1,1,1,1,1,1
20,137464,st,unemployed,6,1,1,1,1,1,1,1,1,1,1,1,1,1,1,1,0,0,1,1,0
27,212683,sc,unemployed,6,1,1,1,1,1,1,1,1,1,1,1,1,1,1,1,0,0,1,1,0
39,27239,general,unemployed,8,1,1,1,1,1,1,1,1,1,1,1,1,0,1,1,0,0,1,1,0
23,324837,general,artisan,4,1,1,1,1,1,1,1,1,1,1,1,0,0,1,0,1,0,0,0,0
28,275822,sc,artisan,3,1,1,1,1,1,1,1,1,1,1,1,0,1,1,0,1,0,0,0,0
54,357825,sc,artisan,4,1,1,1,1,1,1,1,1,1,1,0,0,0,0,0,1,0,0,0,0
18,94393,sc,farmer,6,1,1,1,1,1,1,1,1,1,1,1,0,1,1,0,0,1,0,0,1
46,288876,obc,self_employed,2,1,1,1,1,1,1,1,1,1,1,1,0,1,0,1,1,1,1,1,1
46,182638,general,self_employed,6,1,1,1,1,1,1,1,1,1,1,1,0,0,0,1,1,1,1,1,1
46,385116,sc,artisan,8,1,1,1,1,1,1,1,1,1,1,1,0,0,0,0,1,0,0,0,0
52,746451,obc,unemployed,5,1,1,1,1,1,1,1,1,1,1,0,1,0,0,1,0,0,1,1,0
37,44884,general,unemployed,5,1,1,1,1,1,1,1,1,1,1,1,1,0,1,1,0,0,1,1,0
26,151895,sc,artisan,7,1,1,1,1,1,1,1,1,1,1,1,0,1,1,0,1,0,0,0,0
21,165431,obc,artisan,8,1,1,1,1,1,1,1,1,1,1,1,0,1,1,0,1,0,0,0,0
15,422575,sc,student,5,1,1,1,1,1,1,1,1,1,0,0,1,0,0,0,0,0,0,0,0
10,139280,general,student,2,1,1,1,1,1,1,1,1,1,0,0,0,0,0,0,0,0,0,0,0
35,200281,sc,unemployed,5,1,1,1,1,1,1,1,1,1,1,1,1,1,1,1,0,0,1,1,0
45,170246,general,self_employed,3,1,1,1,1,1,1,1,1,1,1,1,0,0,0,1,1,1,1,1,1
49,406388,sc,farmer,1,1,1,1,1,1,1,1,1,1,1,1,0,0,0,0,0,1,0,0,1
65,276072,obc,daily_wage,4,1,1,1,1,1,1,1,1,1,1,0,0,1,0,0,0,0,0,0,0
31,110040,obc,farmer,5,1,1,1,1,1,1,1,1,1,1,1,0,1,1,0,0,1,0,0,1
38,118210,general,unemployed,8,1,1,1,1,1,1,1,1,1,1,1,1,0,1,1,0,0,1,1,0
30,62966,st,farmer,2,1,1,1,1,1,1,1,1,1,1,1,0,1,1,0,0,1,0,0,1
53,519975,obc,farmer,4,1,1,1,1,1,1,1,1,1,1,0,0,0,0,0,0,1,0,0,1
17,15640,st,student,3,1,1,1,1,1,1,1,1,1,0,0,1,1,0,0,0,0,0,0,0
54,196779,obc,unemployed,7,1,1,1,1,1,1,1,1,1,1,0,1,1,0,1,0,0,1,1,0
35,409169,st,daily_wage,4,1,1,1,1,1,1,1,1,1,1,1,0,0,1,0,0,0,0,0,0
25,139344,obc,student,1,1,1,1,1,1,1,1,1,1,1,1,1,1,1,0,0,0,0,0,0
43,14604,sc,artisan,1,1,1,1,1,1,1,1,1,1,1,1,0,1,0,0,1,0,0,0,0
44,155681,sc,self_employed,4,1,1,1,1,1,1,1,1,1,1,1,0,1,0,1,1,1,1,1,1
39,181322,st,self_employed,4,1,1,1,1,1,1,1,1,1,1,1,0,1,1,1,1,1,1,1,1
54,31022,obc,farmer,3,1,1,1,1,1,1,1,1,1,1,0,0,1,0,0,0,1,0,0,1
16,241163,general,student,2,1,1,1,1,1,1,1,1,1,0,0,1,0,0,0,0,0,0,0,0
35,112367,general,daily_wage,7,1,1,1,1,1,1,1,1,1,1,1,0,0,1,0,0,0,0,0,0
61,269453,obc,unemployed,1,1,1,1,1,1,1,1,1,1,1,0,1,1,0,1,0,0,1,1,0
43,492735,obc,unemployed,7,1,1,1,1,1,1,1,1,1,1,1,1,0,0,1,0,0,1,1,0
37,371099,general,farmer,5,1,1,1,1,1,1,1,1,1,1,1,0,0,1,0,0,1,0,0,1
30,49087,general,artisan,7,1,1,1,1,1,1,1,1,1,1,1,0,0,1,0,1,0,0,0,0
18,357237,general,student,4,1,1,1,1,1,1,1,1,1,1,1,1,0,1,0,0,0,0,0,0
60,156724,sc,farmer,2,1,1,1,1,1,1,1,1,1,1,0,0,1,0,0,0,1,0,0,1
52,344205,obc,farmer,7,1,1,1,1,1,1,1,1,1,1,0,0,0,0,0,0,1,0,0,1
41,543818,st,daily_wage,7,1,1,1,1,1,1,1,1,1,1,1,0,0,0,0,0,0,0,0,0
17,434400,obc,student,5,1,1,1,1,1,1,1,1,1,0,0,1,0,0,0,0,0,0,0,0
37,201957,st,artisan,3,1,1,1,1,1,1,1,1,1,1,1,0,1,1,0,1,0,0,0,0
19,135442,st,student,1,1,1,1,1,1,1,1,1,1,1,1,1,1,1,0,0,0,0,0,0
25,449561,obc,self_employed,1,1,1,1,1,1,1,1,1,1,1,1,0,0,1,1,1,1,1,1,1
40,120637,general,farmer,5,1,1,1,1,1,1,1,1,1,1,1,0,0,1,0,0,1,0,0,1
21,120771,st,artisan,2,1,1,1,1,1,1,1,1,1,1,1,0,1,1,0,1,0,0,0,0
22,92756,st,daily_wage,4,1,1,1,1,1,1,1,1,1,1,1,0,1,1,0,0,0,0,0,0
8,261574,st,self_employed,4,1,1,1,1,1,1,1,1,1,0,0,0,1,0,0,1,1,1,1,1
24,143769,general,artisan,6,1,1,1,1,1,1,1,1,1,1,1,0,0,1,0,1,0,0,0,0
14,639046,general,artisan,2,1,1,1,1,1,1,1,1,1,0,0,0,0,0,0,1,0,0,0,0
44,504617,st,farmer,7,1,1,1,1,1,1,1,1,1,1,1,0,0,0,0,0,1,0,0,1
27,249356,sc,artisan,6,1,1,1,1,1,1,1,1,1,1,1,0,1,1,0,1,0,0,0,0
45,458149,obc,farmer,1,1,1,1,1,1,1,1,1,1,1,1,0,0,0,0,0,1,0,0,1
15,200813,obc,student,5,1,1,1,1,1,1,1,1,1,0,0,1,1,0,0,0,0,0,0,0
34,115872,st,unemployed,1,1,1,1,1,1,1,1,1,1,1,1,1,1,1,1,0,0,1,1,0
11,294956,st,student,8,1,1,1,1,1,1,1,1,1,0,0,0,1,0,0,0,0,0,0,0
15,469809,sc,student,1,1,1,1,1,1,1,1,1,1,0,0,1,0,0,0,0,0,0,0,0
32,719244,obc,self_employed,1,1,1,1,1,1,1,1,1,1,1,1,0,0,1,1,1,1,1,1,1
35,907658,st,farmer,5,1,1,1,1,1,1,1,1,1,1,1,0,0,1,0,0,1,0,0,1
56,369143,general,unemployed,6,1,1,1,1,1,1,1,1,1,1,0,1,0,0,1,0,0,1,1,0
42,567650,general,farmer,3,1,1,1,1,1,1,1,1,1,1,1,0,0,0,0,0,1,0,0,1
38,333027,obc,farmer,8,1,1,1,1,1,1,1,1,1,1,1,0,0,1,0,0,1,0,0,1
20,664395,st,student,2,1,1,1,1,1,1,1,1,1,1,1,1,0,1,0,0,0,0,0,0
37,197728,st,self_employed,8,1,1,1,1,1,1,1,1,1,1,1,0,1,1,1,1,1,1,1,1
18,134314,st,student,6,1,1,1,1,1,1,1,1,1,1,1,1,1,1,0,0,0,0,0,0
50,262338,obc,farmer,8,1,1,1,1,1,1,1,1,1,1,1,0,1,0,0,0,1,0,0,1
19,397654,general,self_employed,8,1,1,1,1,1,1,1,1,1,1,1,0,0,1,1,1,1,1,1,1
30,138474,sc,self_employed,5,1,1,1,1,1,1,1,1,1,1,1,0,1,1,1,1,1,1,1,1
26,59999,sc,self_employed,6,1,1,1,1,1,1,1,1,1,1,1,0,1,1,1,1,1,1,1,1
14,183872,st,self_employed,2,1,1,1,1,1,1,1,1,1,0,0,0,1,0,0,1,1,1,1,1
16,98091,obc,student,2,1,1,1,1,1,1,1,1,1,0,0,1,1,0,0,0,0,0,0,0
41,450685,obc,daily_wage,6,1,1,1,1,1,1,1,1,1,1,1,0,0,0,0,0,0,0,0,0
29,229457,general,farmer,7,1,1,1,1,1,1,1,1,1,1,1,0,0,1,0,0,1,0,0,1
22,160343,sc,artisan,7,1,1,1,1,1,1,1,1,1,1,1,0,1,1,0,1,0,0,0,0
63,241719,general,farmer,3,1,1,1,1,1,1,1,1,1,1,0,0,0,0,0,0,1,0,0,1
46,82670,st,unemployed,6,1,1,1,1,1,1,1,1,1,1,1,1,1,0,1,0,0,1,1,0
28,374775,obc,unemployed,8,1,1,1,1,1,1,1,1,1,1,1,1,0,1,1,0,0,1,1,0
24,115625,general,farmer,1,1,1,1,1,1,1,1,1,1,1,1,0,0,1,0,0,1,0,0,1
16,18841,general,student,1,1,1,1,1,1,1,1,1,1,0,0,1,0,0,0,0,0,0,0,0
20,199489,general,unemployed,2,1,1,1,1,1,1,1,1,1,1,1,1,0,1,1,0,0,1,1,0
65,502126,obc,artisan,2,1,1,1,1,1,1,1,1,1,1,0,0,0,0,0,1,0,0,0,0
20,53160,general,self_employed,2,1,1,1,1,1,1,1,1,1,1,1,0,0,1,1,1,1,1,1,1
33,38434,obc,unemployed,1,1,1,1,1,1,1,1,1,1,1,1,1,1,1,1,0,0,1,1,0
28,165281,general,unemployed,7,1,1,1,1,1,1,1,1,1,1,1,1,0,1,1,0,0,1,1,0
51,193668,general,unemployed,6,1,1,1,1,1,1,1,1,1,1,0,1,0,0,1,0,0,1,1,0
34,96913,sc,self_employed,4,1,1,1,1,1,1,1,1,1,1,1,0,1,1,1,1,1,1,1,1
45,223348,obc,daily_wage,6,1,1,1,1,1,1,1,1,1,1,1,0,1,0,0,0,0,0,0,0
23,128318,sc,artisan,1,1,1,1,1,1,1,1,1,1,1,1,0,1,1,0,1,0,0,0,0
26,460700,sc,student,2,1,1,1,1,1,1,1,1,1,1,1,1,0,1,0,0,0,0,0,0
32,103528,obc,self_employed,1,1,1,1,1,1,1,1,1,1,1,1,0,1,1,1,1,1,1,1,1
8,644277,sc,artisan,6,1,1,1,1,1,1,1,1,1,0,0,0,0,0,0,1,0,0,0,0
37,70341,sc,self_employed,3,1,1,1,1,1,1,1,1,1,1,1,0,1,1,1,1,1,1,1,1
21,460630,general,farmer,5,1,1,1,1,1,1,1,1,1,1,1,0,0,1,0,0,1,0,0,1
49,123279,general,self_employed,5,1,1,1,1,1,1,1,1,1,1,1,0,0,0,1,1,1,1,1,1
34,168755,obc,farmer,4,1,1,1,1,1,1,1,1,1,1,1,0,1,1,0,0,1,0,0,1
36,227463,sc,unemployed,3,1,1,1,1,1,1,1,1,1,1,1,1,1,1,1,0,0,1,1,0
18,259851,sc,student,5,1,1,1,1,1,1,1,1,1,1,1,1,1,1,0,0,0,0,0,0
37,133571,obc,farmer,5,1,1,1,1,1,1,1,1,1,1,1,0,1,1,0,0,1,0,0,1
27,319261,sc,daily_wage,1,1,1,1,1,1,1,1,1,1,1,1,0,0,1,0,0,0,0,0,0
16,385652,st,student,7,1,1,1,1,1,1,1,1,1,0,0,1,0,0,0,0,0,0,0,0
42,249369,sc,unemployed,1,1,1,1,1,1,1,1,1,1,1,1,1,1,0,1,0,0,1,1,0
34,588350,general,unemployed,1,1,1,1,1,1,1,1,1,1,1,1,1,0,1,1,0,0,1,1,0
44,12412,sc,artisan,8,1,1,1,1,1,1,1,1,1,1,1,0,1,0,0,1,0,0,0,0
20,247827,general,artisan,7,1,1,1,1,1,1,1,1,1,1,1,0,0,1,0,1,0,0,0,0
23,597746,sc,student,5,1,1,1,1,1,1,1,1,1,1,1,1,0,1,0,0,0,0,0,0
36,95119,general,farmer,7,1,1,1,1,1,1,1,1,1,1,1,0,0,1,0,0,1,0,0,1
28,141080,obc,artisan,5,1,1,1,1,1,1,1,1,1,1,1,0,1,1,0,1,0,0,0,0
28,357910,sc,daily_wage,7,1,1,1,1,1,1,1,1,1,1,1,0,0,1,0,0,0,0,0,0
22,16221,obc,unemployed,7,1,1,1,1,1,1,1,1,1,1,1,1,1,1,1,0,0,1,1,0
27,264330,sc,artisan,4,1,1,1,1,1,1,1,1,1,1,1,0,1,1,0,1,0,0,0,0
27,333148,sc,student,6,1,1,1,1,1,1,1,1,1,1,1,1,0,1,0,0,0,0,0,0
57,227609,st,unemployed,7,1,1,1,1,1,1,1,1,1,1,0,1,1,0,1,0,0,1,1,0
46,354394,general,daily_wage,8,1,1,1,1,1,1,1,1,1,1,1,0,0,0,0,0,0,0,0,0
71,220694,st,farmer,4,1,1,1,1,1,1,1,1,1,0,0,0,1,0,0,0,1,0,0,1
20,233402,general,daily_wage,5,1,1,1,1,1,1,1,1,1,1,1,0,0,1,0,0,0,0,0,0
47,241326,sc,farmer,6,1,1,1,1,1,1,1,1,1,1,1,0,1,0,0,0,1,0,0,1
16,135632,sc,student,4,1,1,1,1,1,1,1,1,1,0,0,1,1,0,0,0,0,0,0,0
23,35692,st,student,1,1,1,1,1,1,1,1,1,1,1,1,1,1,1,0,0,0,0,0,0
56,311458,st,unemployed,3,1,1,1,1,1,1,1,1,1,1,0,1,0,0,1,0,0,1,1,0
24,363213,general,unemployed,2,1,1,1,1,1,1,1,1,1,1,1,1,0,1,1,0,0,1,1,0
23,138863,general,farmer,6,1,1,1,1,1,1,1,1,1,1,1,0,0,1,0,0,1,0,0,1
35,198971,obc,artisan,8,1,1,1,1,1,1,1,1,1,1,1,0,1,1,0,1,0,0,0,0
14,407960,general,unemployed,2,1,1,1,1,1,1,1,1,1,0,0,1,0,0,0,0,0,1,1,0
23,161169,obc,daily_wage,5,1,1,1,1,1,1,1,1,1,1,1,0,1,1,0,0,0,0,0,0
17,123120,obc,self_employed,6,1,1,1,1,1,1,1,1,1,0,0,0,1,0,0,1,1,1,1,1
32,323700,sc,farmer,8,1,1,1,1,1,1,1,1,1,1,1,0,0,1,0,0,1,0,0,1
67,123650,general,daily_wage,8,1,1,1,1,1,1,1,1,1,1,0,0,0,0,0,0,0,0,0,0
23,216945,obc,daily_wage,7,1,1,1,1,1,1,1,1,1,1,1,0,1,1,0,0,0,0,0,0
70,679625,obc,artisan,6,1,1,1,1,1,1,1,1,1,1,0,0,0,0,0,1,0,0,0,0
16,233246,general,artisan,5,1,1,1,1,1,1,1,1,1,0,0,0,0,0,0,1,0,0,0,0
35,172836,st,daily_wage,3,1,1,1,1,1,1,1,1,1,1,1,0,1,1,0,0,0,0,0,0
17,612801,obc,unemployed,4,1,1,1,1,1,1,1,1,1,0,0,1,0,0,0,0,0,1,1,0
8,102804,obc,student,8,1,1,1,1,1,1,1,1,1,0,0,0,1,0,0,0,0,0,0,0
18,180478,st,student,1,1,1,1,1,1,1,1,1,1,1,1,1,1,1,0,0,0,0,0,0
47,462820,obc,farmer,4,1,1,1,1,1,1,1,1,1,1,1,0,0,0,0,0,1,0,0,1
40,74920,sc,artisan,8,1,1,1,1,1,1,1,1,1,1,1,0,1,1,0,1,0,0,0,0
43,237953,obc,self_employed,5,1,1,1,1,1,1,1,1,1,1,1,0,1,0,1,1,1,1,1,1
23,36817,obc,daily_wage,7,1,1,1,1,1,1,1,1,1,1,1,0,1,1,0,0,0,0,0,0
60,46080,general,artisan,3,1,1,1,1,1,1,1,1,1,1,0,0,0,0,0,1,0,0,0,0
51,42786,general,self_employed,6,1,1,1,1,1,1,1,1,1,1,0,0,0,0,1,1,1,1,1,1
43,117708,obc,self_employed,3,1,1,1,1,1,1,1,1,1,1,1,0,1,0,1,1,1,1,1,1
22,195242,st,student,1,1,1,1,1,1,1,1,1,1,1,1,1,1,1,0,0,0,0,0,0
68,100458,sc,daily_wage,6,1,1,1,1,1,1,1,1,1,1,0,0,1,0,0,0,0,0,0,0
11,216028,obc,student,3,1,1,1,1,1,1,1,1,1,0,0,0,1,0,0,0,0,0,0,0
57,198726,obc,farmer,5,1,1,1,1,1,1,1,1,1,1,0,0,1,0,0,0,1,0,0,1
54,405555,sc,self_employed,2,1,1,1,1,1,1,1,1,1,1,0,0,0,0,1,1,1,1,1,1
41,141216,general,daily_wage,3,1,1,1,1,1,1,1,1,1,1,1,0,0,0,0,0,0,0,0,0
24,570748,sc,daily_wage,7,1,1,1,1,1,1,1,1,1,1,1,0,0,1,0,0,0,0,0,0
57,445788,st,artisan,6,1,1,1,1,1,1,1,1,1,1,0,0,0,0,0,1,0,0,0,0
37,117979,sc,artisan,3,1,1,1,1,1,1,1,1,1,1,1,0,1,1,0,1,0,0,0,0
39,451473,general,farmer,3,1,1,1,1,1,1,1,1,1,1,1,0,0,1,0,0,1,0,0,1
42,32774,obc,daily_wage,7,1,1,1,1,1,1,1,1,1,1,1,0,1,0,0,0,0,0,0,0
8,181413,sc,unemployed,3,1,1,1,1,1,1,1,1,1,0,0,0,1,0,0,0,0,1,1,0
43,916531,general,farmer,2,1,1,1,1,1,1,1,1,1,1,1,0,0,0,0,0,1,0,0,1
32,18565,st,unemployed,1,1,1,1,1,1,1,1,1,1,1,1,1,1,1,1,0,0,1,1,0
28,688521,sc,daily_wage,7,1,1,1,1,1,1,1,1,1,1,1,0,0,1,0,0,0,0,0,0
33,394870,general,self_employed,1,1,1,1,1,1,1,1,1,1,1,1,0,0,1,1,1,1,1,1,1
25,188689,obc,self_employed,6,1,1,1,1,1,1,1,1,1,1,1,0,1,1,1,1,1,1,1,1
43,472296,general,daily_wage,8,1,1,1,1,1,1,1,1,1,1,1,0,0,0,0,0,0,0,0,0
44,137619,st,artisan,7,1,1,1,1,1,1,1,1,1,1,1,0,1,0,0,1,0,0,0,0
38,219510,obc,farmer,8,1,1,1,1,1,1,1,1,1,1,1,0,1,1,0,0,1,0,0,1
40,233931,st,daily_wage,5,1,1,1,1,1,1,1,1,1,1,1,0,1,1,0,0,0,0,0,0
38,260658,sc,farmer,8,1,1,1,1,1,1,1,1,1,1,1,0,1,1,0,0,1,0,0,1
25,430861,sc,unemployed,2,1,1,1,1,1,1,1,1,1,1,1,1,0,1,1,0,0,1,1,0
32,767681,general,artisan,8,1,1,1,1,1,1,1,1,1,1,1,0,0,1,0,1,0,0,0,0
39,139957,sc,artisan,5,1,1,1,1,1,1,1,1,1,1,1,0,1,1,0,1,0,0,0,0
29,8351,sc,unemployed,7,1,1,1,1,1,1,1,1,1,1,1,1,1,1,1,0,0,1,1,0
53,270965,st,artisan,1,1,1,1,1,1,1,1,1,1,1,0,0,1,0,0,1,0,0,0,0
8,223364,st,daily_wage,4,1,1,1,1,1,1,1,1,1,0,0,0,1,0,0,0,0,0,0,0
59,213020,sc,artisan,3,1,1,1,1,1,1,1,1,1,1,0,0,1,0,0,1,0,0,0,0
49,196262,obc,unemployed,4,1,1,1,1,1,1,1,1,1,1,1,1,1,0,1,0,0,1,1,0
9,32542,st,student,6,1,1,1,1,1,1,1,1,1,0,0,0,1,0,0,0,0,0,0,0
33,179853,st,artisan,2,1,1,1,1,1,1,1,1,1,1,1,0,1,1,0,1,0,0,0,0
18,103075,obc,artisan,1,1,1,1,1,1,1,1,1,1,1,1,0,1,1,0,1,0,0,0,0
30,92009,sc,unemployed,3,1,1,1,1,1,1,1,1,1,1,1,1,1,1,1,0,0,1,1,0
31,97427,general,self_employed,6,1,1,1,1,1,1,1,1,1,1,1,0,0,1,1,1,1,1,1,1
46,233918,sc,daily_wage,7,1,1,1,1,1,1,1,1,1,1,1,0,1,0,0,0,0,0,0,0
20,248225,st,student,2,1,1,1,1,1,1,1,1,1,1,1,1,1,1,0,0,0,0,0,0
70,142244,sc,unemployed,8,1,1,1,1,1,1,1,1,1,1,0,1,1,0,1,0,0,1,1,0
32,132584,st,self_employed,1,1,1,1,1,1,1,1,1,1,1,1,0,1,1,1,1,1,1,1,1
31,891802,obc,self_employed,3,1,1,1,1,1,1,1,1,1,1,1,0,0,1,1,1,1,1,1,1
41,510644,st,unemployed,8,1,1,1,1,1,1,1,1,1,1,1,1,0,0,1,0,0,1,1,0
25,186806,obc,artisan,5,1,1,1,1,1,1,1,1,1,1,1,0,1,1,0,1,0,0,0,0
48,832592,general,artisan,2,1,1,1,1,1,1,1,1,1,1,1,0,0,0,0,1,0,0,0,0
48,14835,sc,daily_wage,5,1,1,1,1,1,1,1,1,1,1,1,0,1,0,0,0,0,0,0,0
45,256417,obc,farmer,5,1,1,1,1,1,1,1,1,1,1,1,0,1,0,0,0,1,0,0,1
20,392225,sc,artisan,6,1,1,1,1,1,1,1,1,1,1,1,0,0,1,0,1,0,0,0,0
13,95964,obc,student,5,1,1,1,1,1,1,1,1,1,0,0,0,1,0,0,0,0,0,0,0
22,205612,general,student,8,1,1,1,1,1,1,1,1,1,1,1,1,0,1,0,0,0,0,0,0
64,304786,obc,farmer,8,1,1,1,1,1,1,1,1,1,1,0,0,0,0,0,0,1,0,0,1
28,116565,general,self_employed,5,1,1,1,1,1,1,1,1,1,1,1,0,0,1,1,1,1,1,1,1
26,288367,st,self_employed,7,1,1,1,1,1,1,1,1,1,1,1,0,1,1,1,1,1,1,1,1
46,87906,obc,artisan,5,1,1,1,1,1,1,1,1,1,1,1,0,1,0,0,1,0,0,0,0
42,175211,st,artisan,6,1,1,1,1,1,1,1,1,1,1,1,0,1,0,0,1,0,0,0,0
36,554318,st,self_employed,2,1,1,1,1,1,1,1,1,1,1,1,0,0,1,1,1,1,1,1,1
22,54643,obc,student,8,1,1,1,1,1,1,1,1,1,1,1,1,1,1,0,0,0,0,0,0
45,167652,general,artisan,7,1,1,1,1,1,1,1,1,1,1,1,0,0,0,0,1,0,0,0,0
48,207521,st,farmer,4,1,1,1,1,1,1,1,1,1,1,1,0,1,0,0,0,1,0,0,1
14,125690,obc,student,4,1,1,1,1,1,1,1,1,1,0,0,1,1,0,0,0,0,0,0,0
41,416694,st,artisan,2,1,1,1,1,1,1,1,1,1,1,1,0,0,0,0,1,0,0,0,0
33,193628,obc,farmer,2,1,1,1,1,1,1,1,1,1,1,1,0,1,1,0,0,1,0,0,1
35,180378,st,farmer,2,1,1,1,1,1,1,1,1,1,1,1,0,1,1,0,0,1,0,0,1
21,192651,st,student,1,1,1,1,1,1,1,1,1,1,1,1,1,1,1,0,0,0,0,0,0
40,131868,sc,artisan,4,1,1,1,1,1,1,1,1,1,1,1,0,1,1,0,1,0,0,0,0
40,303534,st,self_employed,3,1,1,1,1,1,1,1,1,1,1,1,0,0,1,1,1,1,1,1,1
30,69740,st,unemployed,8,1,1,1,1,1,1,1,1,1,1,1,1,1,1,1,0,0,1,1,0
25,72097,st,student,2,1,1,1,1,1,1,1,1,1,1,1,1,1,1,0,0,0,0,0,0
16,62017,sc,self_employed,8,1,1,1,1,1,1,1,1,1,0,0,0,1,0,0,1,1,1,1,1
11,224860,sc,student,5,1,1,1,1,1,1,1,1,1,0,0,0,1,0,0,0,0,0,0,0
44,334116,st,unemployed,4,1,1,1,1,1,1,1,1,1,1,1,1,0,0,1,0,0,1,1,0
41,162794,obc,artisan,4,1,1,1,1,1,1,1,1,1,1,1,0,1,0,0,1,0,0,0,0
32,516341,st,daily_wage,1,1,1,1,1,1,1,1,1,1,1,1,0,0,1,0,0,0,0,0,0
49,46775,sc,farmer,6,1,1,1,1,1,1,1,1,1,1,1,0,1,0,0,0,1,0,0,1
10,300858,sc,student,3,1,1,1,1,1,1,1,1,1,0,0,0,0,0,0,0,0,0,0,0
63,146081,sc,daily_wage,7,1,1,1,1,1,1,1,1,1,1,0,0,1,0,0,0,0,0,0,0
10,342445,general,unemployed,1,1,1,1,1,1,1,1,1,1,0,0,0,0,0,0,0,0,1,1,0
22,153971,obc,student,4,1,1,1,1,1,1,1,1,1,1,1,1,1,1,0,0,0,0,0,0
20,622444,st,student,4,1,1,1,1,1,1,1,1,1,1,1,1,0,1,0,0,0,0,0,0
34,101818,obc,artisan,6,1,1,1,1,1,1,1,1,1,1,1,0,1,1,0,1,0,0,0,0
18,159536,obc,artisan,6,1,1,1,1,1,1,1,1,1,1,1,0,1,1,0,1,0,0,0,0
48,216183,st,farmer,5,1,1,1,1,1,1,1,1,1,1,1,0,1,0,0,0,1,0,0,1
29,632522,sc,self_employed,2,1,1,1,1,1,1,1,1,1,1,1,0,0,1,1,1,1,1,1,1
39,467004,st,unemployed,7,1,1,1,1,1,1,1,1,1,1,1,1,0,1,1,0,0,1,1,0
42,481382,general,self_employed,3,1,1,1,1,1,1,1,1,1,1,1,0,0,0,1,1,1,1,1,1
26,136830,st,student,4,1,1,1,1,1,1,1,1,1,1,1,1,1,1,0,0,0,0,0,0
18,128697,general,self_employed,7,1,1,1,1,1,1,1,1,1,1,1,0,0,1,1,1,1,1,1,1
41,22714,st,unemployed,4,1,1,1,1,1,1,1,1,1,1,1,1,1,0,1,0,0,1,1,0
43,79710,general,self_employed,7,1,1,1,1,1,1,1,1,1,1,1,0,0,0,1,1,1,1,1,1
41,141747,sc,daily_wage,5,1,1,1,1,1,1,1,1,1,1,1,0,1,0,0,0,0,0,0,0
47,368057,st,self_employed,4,1,1,1,1,1,1,1,1,1,1,1,0,0,0,1,1,1,1,1,1
47,344158,obc,unemployed,2,1,1,1,1,1,1,1,1,1,1,1,1,0,0,1,0,0,1,1,0
37,410024,obc,self_employed,5,1,1,1,1,1,1,1,1,1,1,1,0,0,1,1,1,1,1,1,1
57,43516,st,daily_wage,4,1,1,1,1,1,1,1,1,1,1,0,0,1,0,0,0,0,0,0,0
9,123742,general,self_employed,6,1,1,1,1,1,1,1,1,1,0,0,0,0,0,0,1,1,1,1,1
14,43223,sc,self_employed,5,1,1,1,1,1,1,1,1,1,0,0,0,1,0,0,1,1,1,1,1
24,267797,st,artisan,8,1,1,1,1,1,1,1,1,1,1,1,0,1,1,0,1,0,0,0,0
58,469859,obc,artisan,2,1,1,1,1,1,1,1,1,1,1,0,0,0,0,0,1,0,0,0,0
38,158155,obc,self_employed,6,1,1,1,1,1,1,1,1,1,1,1,0,1,1,1,1,1,1,1,1
31,95338,general,unemployed,7,1,1,1,1,1,1,1,1,1,1,1,1,0,1,1,0,0,1,1,0
51,33421,general,self_employed,3,1,1,1,1,1,1,1,1,1,1,0,0,0,0,1,1,1,1,1,1
22,601270,st,farmer,7,1,1,1,1,1,1,1,1,1,1,1,0,0,1,0,0,1,0,0,1
10,160698,st,student,6,1,1,1,1,1,1,1,1,1,0,0,0,1,0,0,0,0,0,0,0
8,91654,general,student,8,1,1,1,1,1,1,1,1,1,0,0,0,0,0,0,0,0,0,0,0
40,534224,st,daily_wage,4,1,1,1,1,1,1,1,1,1,1,1,0,0,1,0,0,0,0,0,0
46,506039,obc,daily_wage,4,1,1,1,1,1,1,1,1,1,1,1,0,0,0,0,0,0,0,0,0
9,453319,sc,self_employed,4,1,1,1,1,1,1,1,1,1,0,0,0,0,0,0,1,1,1,1,1
32,228169,st,daily_wage,4,1,1,1,1,1,1,1,1,1,1,1,0,1,1,0,0,0,0,0,0
50,189111,st,daily_wage,4,1,1,1,1,1,1,1,1,1,1,1,0,1,0,0,0,0,0,0,0
33,224012,general,daily_wage,5,1,1,1,1,1,1,1,1,1,1,1,0,0,1,0,0,0,0,0,0
26,171986,general,self_employed,6,1,1,1,1,1,1,1,1,1,1,1,0,0,1,1,1,1,1,1,1
40,92198,general,artisan,3,1,1,1,1,1,1,1,1,1,1,1,0,0,1,0,1,0,0,0,0
58,378191,obc,daily_wage,7,1,1,1,1,1,1,1,1,1,1,0,0,0,0,0,0,0,0,0,0
39,18495,general,artisan,7,1,1,1,1,1,1,1,1,1,1,1,0,0,1,0,1,0,0,0,0
38,86996,general,artisan,2,1,1,1,1,1,1,1,1,1,1,1,0,0,1,0,1,0,0,0,0
49,98922,obc,farmer,6,1,1,1,1,1,1,1,1,1,1,1,0,1,0,0,0,1,0,0,1
19,367338,general,student,2,1,1,1,1,1,1,1,1,1,1,1,1,0,1,0,0,0,0,0,0
41,229841,obc,unemployed,3,1,1,1,1,1,1,1,1,1,1,1,1,1,0,1,0,0,1,1,0
18,277978,obc,student,3,1,1,1,1,1,1,1,1,1,1,1,1,1,1,0,0,0,0,0,0
46,633655,general,self_employed,2,1,1,1,1,1,1,1,1,1,1,1,0,0,0,1,1,1,1,1,1
33,255377,obc,unemployed,1,1,1,1,1,1,1,1,1,1,1,1,1,1,1,1,0,0,1,1,0
30,131209,sc,self_employed,2,1,1,1,1,1,1,1,1,1,1,1,0,1,1,1,1,1,1,1,1
8,87419,obc,daily_wage,6,1,1,1,1,1,1,1,1,1,0,0,0,1,0,0,0,0,0,0,0
45,145282,general,unemployed,6,1,1,1,1,1,1,1,1,1,1,1,1,0,0,1,0,0,1,1,0
18,73702,sc,student,5,1,1,1,1,1,1,1,1,1,1,1,1,1,1,0,0,0,0,0,0
52,17395,general,farmer,8,1,1,1,1,1,1,1,1,1,1,0,0,0,0,0,0,1,0,0,1
14,120597,st,daily_wage,3,1,1,1,1,1,1,1,1,1,0,0,0,1,0,0,0,0,0,0,0
40,77531,obc,self_employed,1,1,1,1,1,1,1,1,1,1,1,1,0,1,1,1,1,1,1,1,1
38,8921,obc,farmer,2,1,1,1,1,1,1,1,1,1,1,1,0,1,1,0,0,1,0,0,1
22,227673,sc,farmer,3,1,1,1,1,1,1,1,1,1,1,1,0,1,1,0,0,1,0,0,1
44,303053,general,artisan,3,1,1,1,1,1,1,1,1,1,1,1,0,0,0,0,1,0,0,0,0
53,213760,general,unemployed,8,1,1,1,1,1,1,1,1,1,1,0,1,0,0,1,0,0,1,1,0
45,246801,st,daily_wage,3,1,1,1,1,1,1,1,1,1,1,1,0,1,0,0,0,0,0,0,0
15,134230,sc,artisan,3,1,1,1,1,1,1,1,1,1,0,0,0,1,0,0,1,0,0,0,0
30,93175,sc,farmer,7,1,1,1,1,1,1,1,1,1,1,1,0,1,1,0,0,1,0,0,1
71,393208,st,farmer,6,1,1,1,1,1,1,1,1,1,0,0,0,0,0,0,0,1,0,0,1
19,384012,general,self_employed,1,1,1,1,1,1,1,1,1,1,1,1,0,0,1,1,1,1,1,1,1
18,209946,sc,self_employed,7,1,1,1,1,1,1,1,1,1,1,1,0,1,1,1,1,1,1,1,1
61,236450,st,artisan,2,1,1,1,1,1,1,1,1,1,1,0,0,1,0,0,1,0,0,0,0
21,177601,obc,artisan,4,1,1,1,1,1,1,1,1,1,1,1,0,1,1,0,1,0,0,0,0
35,140579,obc,self_employed,7,1,1,1,1,1,1,1,1,1,1,1,0,1,1,1,1,1,1,1,1
37,790458,sc,artisan,2,1,1,1,1,1,1,1,1,1,1,1,0,0,1,0,1,0,0,0,0
41,58889,st,unemployed,5,1,1,1,1,1,1,1,1,1,1,1,1,1,0,1,0,0,1,1,0
36,243998,st,self_employed,3,1,1,1,1,1,1,1,1,1,1,1,0,1,1,1,1,1,1,1,1
23,373144,sc,artisan,4,1,1,1,1,1,1,1,1,1,1,1,0,0,1,0,1,0,0,0,0
49,301895,obc,daily_wage,2,1,1,1,1,1,1,1,1,1,1,1,0,0,0,0,0,0,0,0,0
27,292728,sc,farmer,7,1,1,1,1,1,1,1,1,1,1,1,0,1,1,0,0,1,0,0,1
22,57835,obc,self_employed,3,1,1,1,1,1,1,1,1,1,1,1,0,1,1,1,1,1,1,1,1
36,389568,st,self_employed,6,1,1,1,1,1,1,1,1,1,1,1,0,0,1,1,1,1,1,1,1
67,126653,general,daily_wage,8,1,1,1,1,1,1,1,1,1,1,0,0,0,0,0,0,0,0,0,0
36,271339,sc,self_employed,6,1,1,1,1,1,1,1,1,1,1,1,0,1,1,1,1,1,1,1,1
26,142657,st,student,8,1,1,1,1,1,1,1,1,1,1,1,1,1,1,0,0,0,0,0,0
26,146827,sc,student,1,1,1,1,1,1,1,1,1,1,1,1,1,1,1,0,0,0,0,0,0
30,38770,sc,daily_wage,6,1,1,1,1,1,1,1,1,1,1,1,0,1,1,0,0,0,0,0,0
57,122197,sc,daily_wage,2,1,1,1,1,1,1,1,1,1,1,0,0,1,0,0,0,0,0,0,0
31,129667,general,unemployed,8,1,1,1,1,1,1,1,1,1,1,1,1,0,1,1,0,0,1,1,0
37,255763,obc,unemployed,5,1,1,1,1,1,1,1,1,1,1,1,1,1,1,1,0,0,1,1,0
25,172114,obc,farmer,4,1,1,1,1,1,1,1,1,1,1,1,0,1,1,0,0,1,0,0,1
44,678509,st,artisan,6,1,1,1,1,1,1,1,1,1,1,1,0,0,0,0,1,0,0,0,0
47,30844,obc,self_employed,5,1,1,1,1,1,1,1,1,1,1,1,0,1,0,1,1,1,1,1,1
42,88588,st,artisan,8,1,1,1,1,1,1,1,1,1,1,1,0,1,0,0,1,0,0,0,0
10,29705,st,artisan,4,1,1,1,1,1,1,1,1,1,0,0,0,1,0,0,1,0,0,0,0
53,64680,general,self_employed,8,1,1,1,1,1,1,1,1,1,1,0,0,0,0,1,1,1,1,1,1
38,366235,sc,farmer,6,1,1,1,1,1,1,1,1,1,1,1,0,0,1,0,0,1,0,0,1
29,267329,st,student,7,1,1,1,1,1,1,1,1,1,1,1,1,1,1,0,0,0,0,0,0
38,398834,obc,artisan,4,1,1,1,1,1,1,1,1,1,1,1,0,0,1,0,1,0,0,0,0
17,91402,sc,daily_wage,5,1,1,1,1,1,1,1,1,1,0,0,0,1,0,0,0,0,0,0,0
15,108044,sc,self_employed,3,1,1,1,1,1,1,1,1,1,0,0,0,1,0,0,1,1,1,1,1
17,17520,sc,self_employed,7,1,1,1,1,1,1,1,1,1,0,0,0,1,0,0,1,1,1,1,1
40,128557,st,daily_wage,4,1,1,1,1,1,1,1,1,1,1,1,0,1,1,0,0,0,0,0,0
28,280832,sc,daily_wage,2,1,1,1,1,1,1,1,1,1,1,1,0,1,1,0,0,0,0,0,0
66,325064,obc,daily_wage,2,1,1,1,1,1,1,1,1,1,1,0,0,0,0,0,0,0,0,0,0
45,113327,obc,farmer,5,1,1,1,1,1,1,1,1,1,1,1,0,1,0,0,0,1,0,0,1
48,331881,general,daily_wage,5,1,1,1,1,1,1,1,1,1,1,1,0,0,0,0,0,0,0,0,0
35,876438,obc,artisan,5,1,1,1,1,1,1,1,1,1,1,1,0,0,1,0,1,0,0,0,0
19,182617,obc,student,5,1,1,1,1,1,1,1,1,1,1,1,1,1,1,0,0,0,0,0,0
24,172410,st,artisan,1,1,1,1,1,1,1,1,1,1,1,1,0,1,1,0,1,0,0,0,0
32,189531,sc,daily_wage,8,1,1,1,1,1,1,1,1,1,1,1,0,1,1,0,0,0,0,0,0
34,3287,obc,farmer,6,1,1,1,1,1,1,1,1,1,1,1,0,1,1,0,0,1,0,0,1
38,37490,obc,daily_wage,5,1,1,1,1,1,1,1,1,1,1,1,0,1,1,0,0,0,0,0,0
52,168722,obc,daily_wage,3,1,1,1,1,1,1,1,1,1,1,0,0,1,0,0,0,0,0,0,0
56,317681,general,daily_wage,7,1,1,1,1,1,1,1,1,1,1,0,0,0,0,0,0,0,0,0,0
54,124771,obc,artisan,6,1,1,1,1,1,1,1,1,1,1,0,0,1,0,0,1,0,0,0,0
27,102879,general,daily_wage,1,1,1,1,1,1,1,1,1,1,1,1,0,0,1,0,0,0,0,0,0
43,200472,sc,farmer,7,1,1,1,1,1,1,1,1,1,1,1,0,1,0,0,0,1,0,0,1
25,131250,obc,artisan,6,1,1,1,1,1,1,1,1,1,1,1,0,1,1,0,1,0,0,0,0
18,169343,st,artisan,6,1,1,1,1,1,1,1,1,1,1,1,0,1,1,0,1,0,0,0,0
58,24710,general,farmer,5,1,1,1,1,1,1,1,1,1,1,0,0,0,0,0,0,1,0,0,1
74,123322,sc,unemployed,7,1,1,1,1,1,1,1,1,1,0,0,1,1,0,1,0,0,1,1,0
8,611811,st,self_employed,5,1,1,1,1,1,1,1,1,1,0,0,0,0,0,0,1,1,1,1,1
45,82141,sc,self_employed,7,1,1,1,1,1,1,1,1,1,1,1,0,1,0,1,1,1,1,1,1
9,199232,general,student,6,1,1,1,1,1,1,1,1,1,0,0,0,0,0,0,0,0,0,0,0
27,91857,st,daily_wage,8,1,1,1,1,1,1,1,1,1,1,1,0,1,1,0,0,0,0,0,0
56,156097,general,farmer,1,1,1,1,1,1,1,1,1,1,1,0,0,0,0,0,0,1,0,0,1
49,434296,st,self_employed,5,1,1,1,1,1,1,1,1,1,1,1,0,0,0,1,1,1,1,1,1
45,175267,general,farmer,8,1,1,1,1,1,1,1,1,1,1,1,0,0,0,0,0,1,0,0,1
14,338400,obc,student,7,1,1,1,1,1,1,1,1,1,0,0,1,0,0,0,0,0,0,0,0
38,181429,sc,unemployed,5,1,1,1,1,1,1,1,1,1,1,1,1,1,1,1,0,0,1,1,0
43,603002,obc,farmer,5,1,1,1,1,1,1,1,1,1,1,1,0,0,0,0,0,1,0,0,1
48,10260,st,farmer,4,1,1,1,1,1,1,1,1,1,1,1,0,1,0,0,0,1,0,0,1
36,449562,obc,unemployed,4,1,1,1,1,1,1,1,1,1,1,1,1,0,1,1,0,0,1,1,0
24,75275,st,unemployed,6,1,1,1,1,1,1,1,1,1,1,1,1,1,1,1,0,0,1,1,0
8,101696,st,self_employed,8,1,1,1,1,1,1,1,1,1,0,0,0,1,0,0,1,1,1,1,1
47,385866,st,daily_wage,8,1,1,1,1,1,1,1,1,1,1,1,0,0,0,0,0,0,0,0,0
34,50700,general,daily_wage,1,1,1,1,1,1,1,1,1,1,1,1,0,0,1,0,0,0,0,0,0
56,94033,general,unemployed,1,1,1,1,1,1,1,1,1,1,1,0,1,0,0,1,0,0,1,1,0
15,206038,obc,student,5,1,1,1,1,1,1,1,1,1,0,0,1,1,0,0,0,0,0,0,0
32,76057,general,daily_wage,5,1,1,1,1,1,1,1,1,1,1,1,0,0,1,0,0,0,0,0,0
20,295519,obc,student,7,1,1,1,1,1,1,1,1,1,1,1,1,1,1,0,0,0,0,0,0
19,89707,general,student,8,1,1,1,1,1,1,1,1,1,1,1,1,0,1,0,0,0,0,0,0
8,303866,general,student,5,1,1,1,1,1,1,1,1,1,0,0,0,0,0,0,0,0,0,0,0
36,192976,st,self_employed,5,1,1,1,1,1,1,1,1,1,1,1,0,1,1,1,1,1,1,1,1
64,365113,st,artisan,1,1,1,1,1,1,1,1,1,1,1,0,0,0,0,0,1,0,0,0,0
25,250588,general,daily_wage,6,1,1,1,1,1,1,1,1,1,1,1,0,0,1,0,0,0,0,0,0
24,179079,sc,student,7,1,1,1,1,1,1,1,1,1,1,1,1,1,1,0,0,0,0,0,0
50,99961,sc,artisan,4,1,1,1,1,1,1,1,1,1,1,1,0,1,0,0,1,0,0,0,0
39,115111,st,artisan,7,1,1,1,1,1,1,1,1,1,1,1,0,1,1,0,1,0,0,0,0
41,83896,obc,farmer,1,1,1,1,1,1,1,1,1,1,1,1,0,1,0,0,0,1,0,0,1
8,26473,obc,daily_wage,5,1,1,1,1,1,1,1,1,1,0,0,0,1,0,0,0,0,0,0,0
35,226274,general,self_employed,5,1,1,1,1,1,1,1,1,1,1,1,0,0,1,1,1,1,1,1,1
21,179308,obc,unemployed,1,1,1,1,1,1,1,1,1,1,1,1,1,1,1,1,0,0,1,1,0
15,295688,obc,artisan,3,1,1,1,1,1,1,1,1,1,0,0,0,1,0,0,1,0,0,0,0
39,473245,obc,daily_wage,2,1,1,1,1,1,1,1,1,1,1,1,0,0,1,0,0,0,0,0,0
51,304777,general,farmer,2,1,1,1,1,1,1,1,1,1,1,0,0,0,0,0,0,1,0,0,1
14,179948,sc,student,6,1,1,1,1,1,1,1,1,1,0,0,1,1,0,0,0,0,0,0,0
34,357421,sc,unemployed,8,1,1,1,1,1,1,1,1,1,1,1,1,0,1,1,0,0,1,1,0
45,137566,general,self_employed,5,1,1,1,1,1,1,1,1,1,1,1,0,0,0,1,1,1,1,1,1
21,158673,sc,self_employed,2,1,1,1,1,1,1,1,1,1,1,1,0,1,1,1,1,1,1,1,1
19,236866,st,artisan,5,1,1,1,1,1,1,1,1,1,1,1,0,1,1,0,1,0,0,0,0
47,142204,st,daily_wage,7,1,1,1,1,1,1,1,1,1,1,1,0,1,0,0,0,0,0,0,0
16,776521,general,self_employed,8,1,1,1,1,1,1,1,1,1,0,0,0,0,0,0,1,1,1,1,1
29,336679,general,unemployed,8,1,1,1,1,1,1,1,1,1,1,1,1,0,1,1,0,0,1,1,0
19,404292,sc,self_employed,4,1,1,1,1,1,1,1,1,1,1,1,0,0,1,1,1,1,1,1,1
42,420914,sc,unemployed,8,1,1,1,1,1,1,1,1,1,1,1,1,0,0,1,0,0,1,1,0
55,115335,general,farmer,7,1,1,1,1,1,1,1,1,1,1,0,0,0,0,0,0,1,0,0,1
24,90051,general,student,1,1,1,1,1,1,1,1,1,1,1,1,1,0,1,0,0,0,0,0,0
29,187462,sc,artisan,3,1,1,1,1,1,1,1,1,1,1,1,0,1,1,0,1,0,0,0,0
32,345266,general,unemployed,1,1,1,1,1,1,1,1,1,1,1,1,1,0,1,1,0,0,1,1,0
27,75273,st,student,3,1,1,1,1,1,1,1,1,1,1,1,1,1,1,0,0,0,0,0,0
46,368652,st,unemployed,5,1,1,1,1,1,1,1,1,1,1,1,1,0,0,1,0,0,1,1,0
26,71859,obc,daily_wage,5,1,1,1,1,1,1,1,1,1,1,1,0,1,1,0,0,0,0,0,0
44,588067,st,unemployed,6,1,1,1,1,1,1,1,1,1,1,1,1,0,0,1,0,0,1,1,0
8,227559,st,artisan,2,1,1,1,1,1,1,1,1,1,0,0,0,1,0,0,1,0,0,0,0
48,110880,st,farmer,5,1,1,1,1,1,1,1,1,1,1,1,0,1,0,0,0,1,0,0,1
8,67992,st,daily_wage,4,1,1,1,1,1,1,1,1,1,0,0,0,1,0,0,0,0,0,0,0
8,215879,sc,daily_wage,1,1,1,1,1,1,1,1,1,1,0,0,0,1,0,0,0,0,0,0,0
36,260150,general,artisan,7,1,1,1,1,1,1,1,1,1,1,1,0,0,1,0,1,0,0,0,0
17,354228,sc,student,8,1,1,1,1,1,1,1,1,1,0,0,1,0,0,0,0,0,0,0,0
32,170077,st,self_employed,3,1,1,1,1,1,1,1,1,1,1,1,0,1,1,1,1,1,1,1,1
47,110740,st,daily_wage,8,1,1,1,1,1,1,1,1,1,1,1,0,1,0,0,0,0,0,0,0
29,554562,general,unemployed,4,1,1,1,1,1,1,1,1,1,1,1,1,0,1,1,0,0,1,1,0
36,174908,general,self_employed,2,1,1,1,1,1,1,1,1,1,1,1,0,0,1,1,1,1,1,1,1
8,370595,sc,daily_wage,7,1,1,1,1,1,1,1,1,1,0,0,0,0,0,0,0,0,0,0,0
45,91274,general,daily_wage,8,1,1,1,1,1,1,1,1,1,1,1,0,0,0,0,0,0,0,0,0
44,215365,general,self_employed,4,1,1,1,1,1,1,1,1,1,1,1,0,0,0,1,1,1,1,1,1
42,464055,st,artisan,5,1,1,1,1,1,1,1,1,1,1,1,0,0,0,0,1,0,0,0,0
45,61822,general,self_employed,8,1,1,1,1,1,1,1,1,1,1,1,0,0,0,1,1,1,1,1,1
12,119893,sc,student,6,1,1,1,1,1,1,1,1,1,0,0,0,1,0,0,0,0,0,0,0
58,402669,st,unemployed,2,1,1,1,1,1,1,1,1,1,1,0,1,0,0,1,0,0,1,1,0
73,401328,st,artisan,1,1,1,1,1,1,1,1,1,1,0,0,0,0,0,0,1,0,0,0,0
32,213644,obc,farmer,1,1,1,1,1,1,1,1,1,1,1,1,0,1,1,0,0,1,0,0,1
17,168129,obc,daily_wage,1,1,1,1,1,1,1,1,1,1,0,0,0,1,0,0,0,0,0,0,0
27,700951,st,daily_wage,5,1,1,1,1,1,1,1,1,1,1,1,0,0,1,0,0,0,0,0,0
21,399110,st,artisan,6,1,1,1,1,1,1,1,1,1,1,1,0,0,1,0,1,0,0,0,0
58,115690,general,farmer,7,1,1,1,1,1,1,1,1,1,1,0,0,0,0,0,0,1,0,0,1
22,350270,obc,artisan,8,1,1,1,1,1,1,1,1,1,1,1,0,0,1,0,1,0,0,0,0
46,149192,obc,artisan,2,1,1,1,1,1,1,1,1,1,1,1,0,1,0,0,1,0,0,0,0
41,262456,general,daily_wage,8,1,1,1,1,1,1,1,1,1,1,1,0,0,0,0,0,0,0,0,0
57,370377,st,unemployed,4,1,1,1,1,1,1,1,1,1,1,0,1,0,0,1,0,0,1,1,0
35,451492,obc,farmer,3,1,1,1,1,1,1,1,1,1,1,1,0,0,1,0,0,1,0,0,1
35,29322,st,farmer,4,1,1,1,1,1,1,1,1,1,1,1,0,1,1,0,0,1,0,0,1
30,71524,obc,farmer,7,1,1,1,1,1,1,1,1,1,1,1,0,1,1,0,0,1,0,0,1
35,363335,sc,self_employed,4,1,1,1,1,1,1,1,1,1,1,1,0,0,1,1,1,1,1,1,1
15,234801,sc,unemployed,5,1,1,1,1,1,1,1,1,1,0,0,1,1,0,0,0,0,1,1,0
30,284628,st,self_employed,1,1,1,1,1,1,1,1,1,1,1,1,0,1,1,1,1,1,1,1,1
27,214214,obc,self_employed,8,1,1,1,1,1,1,1,1,1,1,1,0,1,1,1,1,1,1,1,1
19,273062,obc,self_employed,6,1,1,1,1,1,1,1,1,1,1,1,0,1,1,1,1,1,1,1,1
39,127182,obc,self_employed,1,1,1,1,1,1,1,1,1,1,1,1,0,1,1,1,1,1,1,1,1
37,193105,obc,unemployed,5,1,1,1,1,1,1,1,1,1,1,1,1,1,1,1,0,0,1,1,0
32,131863,sc,farmer,3,1,1,1,1,1,1,1,1,1,1,1,0,1,1,0,0,1,0,0,1
42,257154,sc,self_employed,2,1,1,1,1,1,1,1,1,1,1,1,0,1,0,1,1,1,1,1,1
29,247656,sc,unemployed,2,1,1,1,1,1,1,1,1,1,1,1,1,1,1,1,0,0,1,1,0
40,478210,sc,farmer,2,1,1,1,1,1,1,1,1,1,1,1,0,0,1,0,0,1,0,0,1
36,217986,sc,artisan,8,1,1,1,1,1,1,1,1,1,1,1,0,1,1,0,1,0,0,0,0
46,297218,st,unemployed,5,1,1,1,1,1,1,1,1,1,1,1,1,1,0,1,0,0,1,1,0
17,101466,st,student,7,1,1,1,1,1,1,1,1,1,0,0,1,1,0,0,0,0,0,0,0
43,44937,st,unemployed,3,1,1,1,1,1,1,1,1,1,1,1,1,1,0,1,0,0,1,1,0
52,134830,sc,daily_wage,5,1,1,1,1,1,1,1,1,1,1,0,0,1,0,0,0,0,0,0,0
43,67306,st,unemployed,4,1,1,1,1,1,1,1,1,1,1,1,1,1,0,1,0,0,1,1,0
51,88367,sc,self_employed,1,1,1,1,1,1,1,1,1,1,1,0,0,1,0,1,1,1,1,1,1
15,346255,obc,student,4,1,1,1,1,1,1,1,1,1,0,0,1,0,0,0,0,0,0,0,0
28,274807,st,unemployed,5,1,1,1,1,1,1,1,1,1,1,1,1,1,1,1,0,0,1,1,0
18,259385,st,student,5,1,1,1,1,1,1,1,1,1,1,1,1,1,1,0,0,0,0,0,0
45,339383,sc,farmer,3,1,1,1,1,1,1,1,1,1,1,1,0,0,0,0,0,1,0,0,1
19,224172,st,artisan,6,1,1,1,1,1,1,1,1,1,1,1,0,1,1,0,1,0,0,0,0
25,57216,st,artisan,3,1,1,1,1,1,1,1,1,1,1,1,0,1,1,0,1,0,0,0,0
25,186299,obc,self_employed,2,1,1,1,1,1,1,1,1,1,1,1,0,1,1,1,1,1,1,1,1
42,370760,general,self_employed,5,1,1,1,1,1,1,1,1,1,1,1,0,0,0,1,1,1,1,1,1
15,320529,sc,student,6,1,1,1,1,1,1,1,1,1,0,0,1,0,0,0,0,0,0,0,0
21,293516,st,farmer,5,1,1,1,1,1,1,1,1,1,1,1,0,1,1,0,0,1,0,0,1
29,386298,st,farmer,7,1,1,1,1,1,1,1,1,1,1,1,0,0,1,0,0,1,0,0,1
48,791400,obc,farmer,8,1,1,1,1,1,1,1,1,1,1,1,0,0,0,0,0,1,0,0,1
35,136013,obc,self_employed,2,1,1,1,1,1,1,1,1,1,1,1,0,1,1,1,1,1,1,1,1
52,99109,st,farmer,5,1,1,1,1,1,1,1,1,1,1,0,0,1,0,0,0,1,0,0,1
23,392310,sc,daily_wage,1,1,1,1,1,1,1,1,1,1,1,1,0,0,1,0,0,0,0,0,0
41,71796,st,unemployed,4,1,1,1,1,1,1,1,1,1,1,1,1,1,0,1,0,0,1,1,0
32,735531,general,artisan,4,1,1,1,1,1,1,1,1,1,1,1,0,0,1,0,1,0,0,0,0
17,303962,st,daily_wage,4,1,1,1,1,1,1,1,1,1,0,0,0,0,0,0,0,0,0,0,0
51,164250,st,daily_wage,6,1,1,1,1,1,1,1,1,1,1,0,0,1,0,0,0,0,0,0,0
21,90828,general,unemployed,1,1,1,1,1,1,1,1,1,1,1,1,1,0,1,1,0,0,1,1,0
20,806218,general,unemployed,1,1,1,1,1,1,1,1,1,1,1,1,1,0,1,1,0,0,1,1,0
22,233649,sc,student,2,1,1,1,1,1,1,1,1,1,1,1,1,1,1,0,0,0,0,0,0
17,45728,general,student,5,1,1,1,1,1,1,1,1,1,0,0,1,0,0,0,0,0,0,0,0
45,438646,general,self_employed,8,1,1,1,1,1,1,1,1,1,1,1,0,0,0,1,1,1,1,1,1
35,419441,general,artisan,6,1,1,1,1,1,1,1,1,1,1,1,0,0,1,0,1,0,0,0,0
25,131118,obc,self_employed,8,1,1,1,1,1,1,1,1,1,1,1,0,1,1,1,1,1,1,1,1
32,234879,sc,artisan,3,1,1,1,1,1,1,1,1,1,1,1,0,1,1,0,1,0,0,0,0
44,396515,general,farmer,8,1,1,1,1,1,1,1,1,1,1,1,0,0,0,0,0,1,0,0,1
28,114946,general,daily_wage,4,1,1,1,1,1,1,1,1,1,1,1,0,0,1,0,0,0,0,0,0
42,258951,sc,daily_wage,5,1,1,1,1,1,1,1,1,1,1,1,0,1,0,0,0,0,0,0,0
10,373170,st,daily_wage,7,1,1,1,1,1,1,1,1,1,0,0,0,0,0,0,0,0,0,0,0
20,355516,obc,student,4,1,1,1,1,1,1,1,1,1,1,1,1,0,1,0,0,0,0,0,0
15,91549,st,unemployed,4,1,1,1,1,1,1,1,1,1,0,0,1,1,0,0,0,0,1,1,0
29,169863,obc,unemployed,1,1,1,1,1,1,1,1,1,1,1,1,1,1,1,1,0,0,1,1,0
18,276574,obc,student,2,1,1,1,1,1,1,1,1,1,1,1,1,1,1,0,0,0,0,0,0
52,70215,st,farmer,7,1,1,1,1,1,1,1,1,1,1,0,0,1,0,0,0,1,0,0,1
34,265121,obc,unemployed,2,1,1,1,1,1,1,1,1,1,1,1,1,1,1,1,0,0,1,1,0
43,218657,obc,self_employed,1,1,1,1,1,1,1,1,1,1,1,1,0,1,0,1,1,1,1,1,1
14,967908,st,student,5,1,1,1,1,1,1,1,1,1,0,0,1,0,0,0,0,0,0,0,0
26,124037,sc,artisan,8,1,1,1,1,1,1,1,1,1,1,1,0,1,1,0,1,0,0,0,0
43,390918,sc,self_employed,2,1,1,1,1,1,1,1,1,1,1,1,0,0,0,1,1,1,1,1,1
40,106007,general,artisan,6,1,1,1,1,1,1,1,1,1,1,1,0,0,1,0,1,0,0,0,0
31,161587,sc,self_employed,3,1,1,1,1,1,1,1,1,1,1,1,0,1,1,1,1,1,1,1,1
55,767590,obc,artisan,7,1,1,1,1,1,1,1,1,1,1,0,0,0,0,0,1,0,0,0,0
51,33009,st,farmer,1,1,1,1,1,1,1,1,1,1,1,0,0,1,0,0,0,1,0,0,1
32,151094,sc,daily_wage,2,1,1,1,1,1,1,1,1,1,1,1,0,1,1,0,0,0,0,0,0
30,64686,st,artisan,8,1,1,1,1,1,1,1,1,1,1,1,0,1,1,0,1,0,0,0,0
37,18674,sc,artisan,3,1,1,1,1,1,1,1,1,1,1,1,0,1,1,0,1,0,0,0,0
25,169306,sc,self_employed,1,1,1,1,1,1,1,1,1,1,1,1,0,1,1,1,1,1,1,1,1
18,538373,st,student,1,1,1,1,1,1,1,1,1,1,1,1,1,0,1,0,0,0,0,0,0
64,192962,general,self_employed,3,1,1,1,1,1,1,1,1,1,1,0,0,0,0,1,1,1,1,1,1
12,215516,st,student,6,1,1,1,1,1,1,1,1,1,0,0,0,1,0,0,0,0,0,0,0
32,147980,sc,unemployed,2,1,1,1,1,1,1,1,1,1,1,1,1,1,1,1,0,0,1,1,0
21,138846,sc,unemployed,2,1,1,1,1,1,1,1,1,1,1,1,1,1,1,1,0,0,1,1,0
32,237612,sc,artisan,4,1,1,1,1,1,1,1,1,1,1,1,0,1,1,0,1,0,0,0,0
43,232937,st,farmer,1,1,1,1,1,1,1,1,1,1,1,1,0,1,0,0,0,1,0,0,1
22,42001,general,daily_wage,5,1,1,1,1,1,1,1,1,1,1,1,0,0,1,0,0,0,0,0,0
17,948018,general,unemployed,5,1,1,1,1,1,1,1,1,1,0,0,1,0,0,0,0,0,1,1,0
8,167933,st,unemployed,8,1,1,1,1,1,1,1,1,1,0,0,0,1,0,0,0,0,1,1,0
52,94157,obc,daily_wage,7,1,1,1,1,1,1,1,1,1,1,0,0,1,0,0,0,0,0,0,0
42,23378,sc,unemployed,8,1,1,1,1,1,1,1,1,1,1,1,1,1,0,1,0,0,1,1,0
15,300881,obc,student,3,1,1,1,1,1,1,1,1,1,0,0,1,0,0,0,0,0,0,0,0
38,374211,sc,unemployed,2,1,1,1,1,1,1,1,1,1,1,1,1,0,1,1,0,0,1,1,0
59,158737,obc,artisan,5,1,1,1,1,1,1,1,1,1,1,0,0,1,0,0,1,0,0,0,0
73,45829,general,artisan,8,1,1,1,1,1,1,1,1,1,0,0,0,0,0,0,1,0,0,0,0
58,552669,general,artisan,7,1,1,1,1,1,1,1,1,1,1,0,0,0,0,0,1,0,0,0,0
28,246610,st,daily_wage,4,1,1,1,1,1,1,1,1,1,1,1,0,1,1,0,0,0,0,0,0
41,89610,sc,farmer,6,1,1,1,1,1,1,1,1,1,1,1,0,1,0,0,0,1,0,0,1
34,31880,obc,artisan,1,1,1,1,1,1,1,1,1,1,1,1,0,1,1,0,1,0,0,0,0
20,674964,sc,farmer,8,1,1,1,1,1,1,1,1,1,1,1,0,0,1,0,0,1,0,0,1
74,161057,st,daily_wage,6,1,1,1,1,1,1,1,1,1,0,0,0,1,0,0,0,0,0,0,0
9,539238,obc,student,3,1,1,1,1,1,1,1,1,1,0,0,0,0,0,0,0,0,0,0,0
17,177468,sc,student,1,1,1,1,1,1,1,1,1,1,0,0,1,1,0,0,0,0,0,0,0
13,389378,sc,unemployed,7,1,1,1,1,1,1,1,1,1,0,0,0,0,0,0,0,0,1,1,0
23,231291,sc,student,8,1,1,1,1,1,1,1,1,1,1,1,1,1,1,0,0,0,0,0,0
35,418190,sc,self_employed,5,1,1,1,1,1,1,1,1,1,1,1,0,0,1,1,1,1,1,1,1
51,128436,sc,artisan,8,1,1,1,1,1,1,1,1,1,1,0,0,1,0,0,1,0,0,0,0
43,451919,st,farmer,5,1,1,1,1,1,1,1,1,1,1,1,0,0,0,0,0,1,0,0,1
51,341089,obc,farmer,7,1,1,1,1,1,1,1,1,1,1,0,0,0,0,0,0,1,0,0,1
21,167467,st,student,6,1,1,1,1,1,1,1,1,1,1,1,1,1,1,0,0,0,0,0,0
20,38317,sc,unemployed,3,1,1,1,1,1,1,1,1,1,1,1,1,1,1,1,0,0,1,1,0
67,347836,st,farmer,8,1,1,1,1,1,1,1,1,1,1,0,0,0,0,0,0,1,0,0,1
44,200186,sc,farmer,8,1,1,1,1,1,1,1,1,1,1,1,0,1,0,0,0,1,0,0,1
21,68288,general,unemployed,8,1,1,1,1,1,1,1,1,1,1,1,1,0,1,1,0,0,1,1,0
32,81806,sc,self_employed,8,1,1,1,1,1,1,1,1,1,1,1,0,1,1,1,1,1,1,1,1
22,100984,sc,artisan,6,1,1,1,1,1,1,1,1,1,1,1,0,1,1,0,1,0,0,0,0
26,161756,st,unemployed,1,1,1,1,1,1,1,1,1,1,1,1,1,1,1,1,0,0,1,1,0
8,143408,sc,artisan,7,1,1,1,1,1,1,1,1,1,0,0,0,1,0,0,1,0,0,0,0
42,399272,obc,farmer,2,1,1,1,1,1,1,1,1,1,1,1,0,0,0,0,0,1,0,0,1
37,473599,general,self_employed,2,1,1,1,1,1,1,1,1,1,1,1,0,0,1,1,1,1,1,1,1
46,83913,sc,unemployed,8,1,1,1,1,1,1,1,1,1,1,1,1,1,0,1,0,0,1,1,0
41,33493,obc,unemployed,3,1,1,1,1,1,1,1,1,1,1,1,1,1,0,1,0,0,1,1,0
22,371969,general,artisan,6,1,1,1,1,1,1,1,1,1,1,1,0,0,1,0,1,0,0,0,0
19,382843,st,artisan,1,1,1,1,1,1,1,1,1,1,1,1,0,0,1,0,1,0,0,0,0
34,198562,sc,artisan,8,1,1,1,1,1,1,1,1,1,1,1,0,1,1,0,1,0,0,0,0
47,234168,st,artisan,8,1,1,1,1,1,1,1,1,1,1,1,0,1,0,0,1,0,0,0,0
55,160621,obc,farmer,3,1,1,1,1,1,1,1,1,1,1,0,0,1,0,0,0,1,0,0,1
44,413243,general,farmer,3,1,1,1,1,1,1,1,1,1,1,1,0,0,0,0,0,1,0,0,1
46,179464,st,daily_wage,4,1,1,1,1,1,1,1,1,1,1,1,0,1,0,0,0,0,0,0,0
46,212384,general,farmer,1,1,1,1,1,1,1,1,1,1,1,1,0,0,0,0,0,1,0,0,1
20,98310,obc,student,1,1,1,1,1,1,1,1,1,1,1,1,1,1,1,0,0,0,0,0,0
24,144990,st,self_employed,1,1,1,1,1,1,1,1,1,1,1,1,0,1,1,1,1,1,1,1,1
24,154921,st,daily_wage,4,1,1,1,1,1,1,1,1,1,1,1,0,1,1,0,0,0,0,0,0
8,195362,obc,unemployed,3,1,1,1,1,1,1,1,1,1,0,0,0,1,0,0,0,0,1,1,0
12,169274,general,self_employed,4,1,1,1,1,1,1,1,1,1,0,0,0,0,0,0,1,1,1,1,1
37,56875,st,self_employed,2,1,1,1,1,1,1,1,1,1,1,1,0,1,1,1,1,1,1,1,1
